{
  "hash": "96fb2d06",
  "configHash": "fb68b214",
  "lockfileHash": "3d4ae4fb",
  "browserHash": "ef1e38fe",
  "optimized": {
    "@angular/common": {
      "src": "../../../../../node_modules/@angular/common/fesm2022/common.mjs",
      "file": "@angular_common.js",
      "fileHash": "b3ab4739",
      "needsInterop": false
    },
    "@angular/common/http": {
      "src": "../../../../../node_modules/@angular/common/fesm2022/http.mjs",
      "file": "@angular_common_http.js",
      "fileHash": "3aa3f709",
      "needsInterop": false
    },
    "@angular/core": {
      "src": "../../../../../node_modules/@angular/core/fesm2022/core.mjs",
      "file": "@angular_core.js",
      "fileHash": "af413ade",
      "needsInterop": false
    },
    "@angular/forms": {
      "src": "../../../../../node_modules/@angular/forms/fesm2022/forms.mjs",
      "file": "@angular_forms.js",
      "fileHash": "ffaf10d5",
      "needsInterop": false
    },
    "@angular/platform-browser": {
      "src": "../../../../../node_modules/@angular/platform-browser/fesm2022/platform-browser.mjs",
      "file": "@angular_platform-browser.js",
      "fileHash": "3ff0c9ce",
      "needsInterop": false
    },
    "@angular/router": {
      "src": "../../../../../node_modules/@angular/router/fesm2022/router.mjs",
      "file": "@angular_router.js",
      "fileHash": "76c94d0a",
      "needsInterop": false
    },
    "rxjs": {
      "src": "../../../../../node_modules/rxjs/dist/esm5/index.js",
      "file": "rxjs.js",
      "fileHash": "2b68a600",
      "needsInterop": false
    }
  },
  "chunks": {
    "chunk-PJWGX6PG": {
      "file": "chunk-PJWGX6PG.js"
    },
    "chunk-W5G3Y5Q7": {
      "file": "chunk-W5G3Y5Q7.js"
    },
    "chunk-6LEEHN4L": {
      "file": "chunk-6LEEHN4L.js"
    },
    "chunk-6S4F5JB6": {
      "file": "chunk-6S4F5JB6.js"
    },
    "chunk-SXIXOCJ4": {
      "file": "chunk-SXIXOCJ4.js"
    }
  }
}