{
  "hash": "674abf20",
  "configHash": "d7c8fe5f",
  "lockfileHash": "26385b83",
  "browserHash": "57425da4",
  "optimized": {
    "@angular/common": {
      "src": "../../../../../node_modules/@angular/common/fesm2022/common.mjs",
      "file": "@angular_common.js",
      "fileHash": "e679348f",
      "needsInterop": false
    },
    "@angular/common/http": {
      "src": "../../../../../node_modules/@angular/common/fesm2022/http.mjs",
      "file": "@angular_common_http.js",
      "fileHash": "8c4ce692",
      "needsInterop": false
    },
    "@angular/core": {
      "src": "../../../../../node_modules/@angular/core/fesm2022/core.mjs",
      "file": "@angular_core.js",
      "fileHash": "82f4e89c",
      "needsInterop": false
    },
    "@angular/forms": {
      "src": "../../../../../node_modules/@angular/forms/fesm2022/forms.mjs",
      "file": "@angular_forms.js",
      "fileHash": "00a62845",
      "needsInterop": false
    },
    "@angular/platform-browser": {
      "src": "../../../../../node_modules/@angular/platform-browser/fesm2022/platform-browser.mjs",
      "file": "@angular_platform-browser.js",
      "fileHash": "a743c6d8",
      "needsInterop": false
    },
    "@angular/router": {
      "src": "../../../../../node_modules/@angular/router/fesm2022/router.mjs",
      "file": "@angular_router.js",
      "fileHash": "8f13e886",
      "needsInterop": false
    },
    "rxjs": {
      "src": "../../../../../node_modules/rxjs/dist/esm5/index.js",
      "file": "rxjs.js",
      "fileHash": "458c9738",
      "needsInterop": false
    },
    "rxjs/operators": {
      "src": "../../../../../node_modules/rxjs/dist/esm5/operators/index.js",
      "file": "rxjs_operators.js",
      "fileHash": "09a592a8",
      "needsInterop": false
    }
  },
  "chunks": {
    "chunk-5LWZSYBJ": {
      "file": "chunk-5LWZSYBJ.js"
    },
    "chunk-NCDIAX5F": {
      "file": "chunk-NCDIAX5F.js"
    },
    "chunk-ED6ESSXY": {
      "file": "chunk-ED6ESSXY.js"
    },
    "chunk-UGF5OYXD": {
      "file": "chunk-UGF5OYXD.js"
    },
    "chunk-V2DXGMIT": {
      "file": "chunk-V2DXGMIT.js"
    },
    "chunk-UKEHM6V6": {
      "file": "chunk-UKEHM6V6.js"
    },
    "chunk-ZDOIMVJD": {
      "file": "chunk-ZDOIMVJD.js"
    }
  }
}